Temperature,Humidity,Wind Speed,Rainfall
27.49080237694725,41.10797573031718,5.234113674718119,0
39.01428612819832,62.514056842701486,4.939575981439996,0
34.6398788362281,82.37675015258449,18.125091610420732,0
31.973169683940732,73.93349318457368,4.990923996990122,1
23.12037280884873,78.39366887168698,5.43899452257262,0
23.119890406724053,69.52700200264304,15.187965248359275,1
21.161672243363988,71.53659387107115,8.9947968490108,1
37.3235229154987,80.95173909391916,15.534211139103624,0
32.022300234864176,44.98008053155115,1.3073231512877048,0
34.161451555920905,59.36549781858843,9.751423873467687,1
20.411689885916047,43.27256650917613,0.6722720036656527,1
39.39819704323989,89.26008047979883,1.2530640691070905,0
36.648852816008436,86.64356038119679,18.12874906688822,0
24.246782213565524,32.365608682110356,2.7849074223519033,0
23.636499344142013,72.33451035094131,10.648413645504341,1
23.668090197068675,85.51489904493995,8.221912052014131,1
26.084844859190753,40.83452070764001,6.946866525176853,1
30.495128632644757,64.07671383315777,17.99666691374545,1
28.638900372842315,84.92929785528251,0.43646793550979,1
25.824582803960837,32.03675871514793,13.275793723511782,0
32.23705789444759,71.84521603481039,19.267888684271007,0
22.789877213040835,47.840940442353045,11.20336366923684,1
25.842892970704362,85.46377172259182,18.736449240661837,1
27.327236865873836,88.26349470992207,1.0451575857204753,0
29.12139968434072,86.65598934680604,8.375866381483227,0
35.70351922786027,58.45285299944783,5.203155819241023,0
23.993475643167194,81.72255905935882,14.616419299614595,0
30.284688768272233,80.67296391210422,19.625941809944933,1
31.848291377240848,49.146028394595334,5.130601248884956,0
20.929008254399953,79.73492844904064,13.083492029481489,1
32.150897038028766,32.220458082929554,3.9619526551948026,0
23.41048247374583,65.77619270892319,11.306605091432198,0
21.30103185970559,43.80053023726218,9.278649733766724,0
38.977710745066666,37.23401314663673,19.44010659263074,1
39.31264066149119,34.61719209775255,12.170545453929332,1
36.167946962329225,71.77732655268838,6.990127441736376,0
26.092275383467413,50.39249782608397,2.2819156977586674,1
21.95344228012768,73.48600629172569,3.024936574698691,1
33.684660530243136,33.92138044793654,4.506338599024701,0
28.803049874792027,48.91742026983662,5.01933322680596,0
22.440764696895577,62.36947754252023,17.012321156822757,1
29.903538202225405,77.44338989033781,11.224455765650498,1
20.687770422304368,49.12515017592419,10.467818227487328,1
38.186408041575646,67.55348258622055,2.2953774373843494,0
25.17559963200034,83.15866489417124,17.2027938669887,0
33.25044568707964,66.95179129093827,14.456286064169674,1
26.23422152178822,43.97756848521803,1.3533672380000317,0
30.401360423556216,31.464046893392283,14.156701944595373,0
30.934205586865595,82.2059324340558,10.870764346852921,1
23.69708911051054,31.27616465102323,1.634506914935565,1
39.39169255529117,82.48210036105196,9.166012830573129,0
35.502656467222295,61.73622804163272,9.693925742600939,0
38.78997883128378,86.34406191077377,3.315490803265515,1
37.89654700855297,77.92699414641993,18.913962940005646,0
31.957999576221702,89.87604663200025,16.99950742961324,0
38.437484700462335,51.04270892710261,13.380446746582166,1
21.76985004103839,76.0312973358676,9.245911220012143,1
23.919657248382904,54.11585481655453,8.235310831690171,0
20.90454577821076,58.79253721823453,13.019469343019082,0
26.506606615265287,67.6503277931022,10.908637388138109,0
27.77354579378964,82.42062685118032,1.2454621176377123,1
25.426980635477918,89.04500815195772,10.250052975406634,0
36.57475018303859,76.0964048318711,16.12807234465679,0
27.135066533871786,55.066006930040025,9.18479755193916,1
25.618690193747614,55.281420136624206,1.0391315510853683,1
30.853921663164968,74.25493809533349,15.725563987680662,0
22.818484499495252,44.32662874609814,4.027275642719488,1
36.043939615080795,36.62844678788368,5.1724166977607755,1
21.491012873595416,51.27732945844659,3.294127068645918,0
39.73773873201034,47.2343394992449,6.60430129742995,1
35.44489538593315,47.778487227359406,15.1350301137727,1
23.974313630683447,44.0164650629946,10.387717190078746,0
20.110442342472048,32.525591378181716,4.097625483014252,1
36.30922856909668,31.072436084004828,17.556601563040818,0
34.13714687695234,89.26334338416189,17.591637099030585,0
34.58014336081975,55.66638802415174,17.41156850092014,1
35.42540693371892,53.0595988295809,4.775924227630785,1
21.480893034681806,70.77883696158419,9.024786883619761,1
27.169314570885454,43.09523327190385,19.699793122817503,0
22.317381190502594,86.99767103701352,15.440249526199807,1
37.26206851751187,77.18070086493313,0.5433484245111964,0
32.46596253655116,35.36466013873557,1.304091825209841,1
26.617960497052984,55.0548465470957,9.278627536246656,1
21.27116700572047,82.74709845372988,18.184404117231203,1
26.219646434313244,86.68392133748462,10.774035959054284,0
26.503666440534943,58.044090674992184,9.956250160685805,1
34.59212356676128,66.80468335264246,2.1094739991326117,1
32.75114942710427,40.02203676552451,13.135602094485881,0
37.744254851526534,89.4701175682186,16.44206321200451,0
29.444298503238986,43.90030208300661,7.608400150151247,1
22.391884918766035,86.56390644810753,15.51223701850655,1
34.2648957444599,68.97879893954212,19.289533078016234,1
35.21570097233795,66.46420769273155,4.075329182553782,0
31.225543951389923,60.76131066099052,10.466592623894826,0
35.41934359909122,43.84018870306552,5.742759161691511,0
29.875911927287817,40.591681920330494,15.857088380676787,0
30.45465658763988,43.22917254421052,11.55186731762315,1
28.550820367170992,41.18629572865527,12.691648351006075,0
20.508382534881903,76.7750684140052,15.958283192317882,0
22.157828539866088,51.0075155500038,7.919409453249098,0
20.628583713734685,33.47056059380378,18.301801368140865,1
32.72820822527561,88.14615780844868,10.6605773449228,1
26.287119621526536,83.02715309780554,3.15909645670696,0
30.171413823294056,85.66513699171279,13.91798236337605,0
38.15132947852186,89.69446935878611,15.865227008765089,1
24.9858445829775,40.433714953169236,6.335233541350533,1
28.207658460712594,53.77452113415953,17.14358513997506,1
35.11102277086097,75.49430854224548,18.122865095315326,1
24.57596330983245,71.76123708322754,5.538089747556178,1
21.53959819657586,39.233754380391304,19.67042945430444,1
25.79502905827536,78.94998749943707,2.8142305609751683,1
23.22442574508009,43.46643431019964,4.0403133680498,1
38.59395304685146,43.42905688935738,3.6844967847605226,0
36.16240759128834,62.218465373604815,17.87979420015741,0
32.66807513020847,65.57639609050219,13.085851046499236,0
37.429211803754356,64.80517247026867,3.0420856644454575,0
36.07344153798229,35.489210243865294,8.80646836736698,0
23.731401177720716,82.64765175782281,12.30596050139604,0
37.85117996979956,45.93600255532236,1.6692816997876658,1
30.786844838313016,37.77089527696825,17.648327368146774,1
36.14880310328125,83.32488479213863,16.072070708830704,0
37.92182599846986,87.3390898937852,10.104135471532764,0
26.360069499437277,81.72765703592704,19.342532305183408,1
22.201038490553536,78.57096448349269,8.355219585501994,1
24.558703250838832,69.3145188383413,19.682206380729955,1
28.542155772525128,63.05144223654836,13.35839997607254,0
36.36029531844986,35.21920559468461,12.693425465078828,1
37.21461166512687,54.50719278424192,3.3190979059157,0
20.139042610623815,52.36131102073884,17.63855516609288,0
30.214946051551316,45.585227025619574,8.549793758412303,1
28.348220062975578,73.40520682131509,3.244668115649587,1
24.442156209414605,59.75254410472625,0.2521503995151808,0
22.397307346673657,34.862772954458876,11.19511367276765,1
26.75230342807256,43.21099211698868,10.547992442453527,1
38.858194078250385,70.99552581957576,14.387072447383172,0
26.464058640415104,34.56785156941801,17.805161060356042,1
30.37581243486732,81.07241484292612,1.5881316928605904,0
34.060379177903556,59.70879162083846,14.629929806807247,0
27.27259204758588,58.83519463959888,3.7482388819516443,1
39.435641654419214,65.54446707957106,17.163541063143278,0
39.24894589884222,79.48085795550895,16.38127027723312,0
25.035645916507285,50.86855247413158,10.815875099710887,1
29.94497011784771,70.68096915354381,14.20485597246623,1
26.017566196335395,63.94391783974746,6.287002263674967,1
25.696809887549353,46.02169621016528,9.423357978656293,0
20.737738947090655,82.71779918130949,16.432737954209433,0
32.19128667959794,77.8455612964157,9.185303943464278,1
30.05358046457723,69.50711007950554,7.155965306508836,0
21.029575024999787,81.03490374565452,9.884248945005998,1
25.57292928473223,82.03765205758813,16.56498504874437,1
38.165317719333075,72.50177860290208,6.704160947417455,0
24.79123781333945,80.22079970182033,3.475231862714876,1
22.897897441824462,71.84828770015702,14.240280406615614,0
29.78905520555126,70.80844630561802,16.519564254161637,0
39.71300908221201,67.11668269291106,2.0127495704706666,1
24.84110543023001,75.16299837345846,4.7974822551188945,0
33.44271094811757,39.51630631758442,2.839439795219878,1
35.232392306574354,82.85224555193571,6.9588282316433325,0
24.752750879847994,82.31061166471392,9.007019578108252,0
34.56432697223719,31.75483698207355,14.976526739266129,0
27.355662654385064,79.54900503388576,13.022951697633482,1
32.64611661187159,37.73219204840671,12.418571349568623,0
32.670594215217896,50.10713125554851,7.047498932193088,1
30.71549368149517,74.61049537749646,16.8289510616952,0
21.805795401088165,39.64559376289849,9.42574334796329,0
36.70604991178476,79.07802144714373,19.58209876030309,1
26.415601299434716,79.92805067746451,12.682842765914737,1
23.730370207997083,60.44806402565017,2.5252948312900547,1
20.81550283109528,30.383152303010014,13.523551241508681,1
31.817858863764837,47.22228799049476,6.50208030863398,1
33.55128723684565,67.01561510254453,13.726543933721949,0
20.331756578557123,88.87117068164541,1.3928229632481148,0
30.24186116598562,67.9088116210001,3.4976287435191877,1
24.529915503958758,45.588214863849586,17.114745178115726,0
32.903455808188994,68.04034218597668,4.543591140470298,0
23.487328580099827,62.39912278295133,16.7408225048588,0
33.81875476204932,76.79072370906862,5.585521769088208,1
27.734706926010748,36.4188383296175,12.857638201174153,0
38.73459977473469,75.66167415012168,13.883011470196621,0
22.750418882919867,62.47599472056662,10.253095062901059,0
26.82132702100517,87.77952023153968,6.106213533934626,1
22.269470424811782,50.51232996232116,4.252887527421922,0
38.49387236557126,67.9573135880369,0.6637870912485244,0
37.54678706761962,85.92168633060105,6.078928024814476,1
25.15883255430311,36.15058367944076,13.06325581062566,1
33.199680920683576,86.23370923418707,18.766096368969652,0
36.34444400402432,71.27314333804881,17.42408964526104,0
31.10401623198925,34.07022354631032,15.321295530706053,1
30.59301156712013,48.057814016808976,15.768946865065974,1
24.837045818009035,72.4903253187169,13.299698069519906,1
21.862055356117985,34.041036088126305,5.20573715132006,1
37.944315159066534,64.9302276105764,18.143900614116596,1
38.00836114326661,50.752983417177404,13.414646238116681,1
32.66202914546536,67.25493106604863,11.2088126196088,1
26.780595820974014,32.74452202875077,2.2197893842696215,0
26.984191492253217,82.29220836914257,8.941110876128509,1
34.51911357740479,88.4093381506438,9.207165424038525,1
37.94220519905154,88.13267131714149,17.291272190453398,0
37.741728485302346,74.97910990457548,10.932964403755769,1
35.597510917152476,37.80517440783792,7.608010979408193,1
32.84063292308576,75.49579175574135,19.536006570213186,0
21.682799299900978,31.47521498752809,2.2144118665263135,1
23.232574281892276,31.327413091739835,8.450968566238892,0
37.97108377054158,49.41661314897247,0.8404935034281058,0
32.1285811931918,59.318591424279944,14.798082415338607,0
20.183941032332594,76.22444506846759,18.361531043983014,0
22.02943085732064,70.9977225963903,5.600746591009789,1
33.27003538216111,56.7541623826049,17.166833535982416,0
20.101231676924375,46.41759997689995,5.844364609237955,0
23.216161028349973,89.82747000946267,18.215403232878305,1
30.974675787331723,55.57087813415838,15.079238071935679,0
33.83790395385387,57.08322145978053,16.09813553682877,0
33.03922519005201,39.81742927150015,0.36013111200909,0
24.485386189211198,77.68857292499575,19.25620714148052,0
34.24358442695072,71.62093354688932,14.533419841406465,1
24.744981749936002,43.24617676732562,6.095021907722666,0
26.507993963185356,34.94286273695056,16.58789329717694,1
34.92982810236048,70.82995812448279,5.630423968298599,1
32.992657980944294,69.27067285686812,17.455076791322558,0
36.98446820988356,46.395571619892564,2.2516078082387403,0
33.15225784600687,87.05181373502462,14.073719549215916,0
31.36617206670943,39.06347350685401,10.813969532898206,0
21.87349535656185,55.940088062556114,1.9306894039088163,1
27.35431606118867,86.61695521005593,4.83787656517678,1
25.30404735363451,55.18363901556734,0.2480807255462958,1
24.87979286758167,68.31155685984513,9.375359309290117,0
39.46021109504891,53.855663877767654,6.0253052152000075,1
27.861954493335208,46.452912140920205,11.967149685955176,0
37.84093110354227,89.0386588775897,5.944756154172344,0
32.62277251994526,54.560040378902585,5.998382230139693,0
35.89622607083297,83.64595222074806,14.863863974632068,0
30.052741862103844,43.79727635346517,0.962856719567069,0
31.53807769252718,42.786282241505,18.057899903839743,1
29.850353876377277,31.86804497307068,17.04527748782363,1
23.90485975596089,69.10000952255311,13.35609366452813,0
34.44904230523011,52.11158062342567,11.864431402147686,1
25.615447248817116,81.86149499037822,17.846049962793046,0
20.486319328629076,58.392594401493426,3.706603590574289,0
32.909445918143355,88.09160567488331,1.5793832438165722,0
23.542213588140978,41.13153094218727,4.790203398190762,1
38.80917168705828,82.11739007733664,15.891565574003806,0
39.07857154005175,76.59581116750451,0.6934053345296665,0
38.29728780440897,76.25531067864313,11.656136701669793,1
27.403174005108887,80.68699368701326,19.908750323826197,1
20.30913233057735,75.66143945657993,17.113921876750787,1
38.566371251754504,67.57321929788492,10.428913780871788,0
28.563682966346285,37.87469266094325,1.2728181857328469,0
39.33309638087339,31.951570769475115,16.627470287714196,1
39.272399541785056,85.2508708689412,11.97957016354421,0
37.060189109347206,66.99901887124429,2.2986599411913367,1
25.888977841391714,77.79223745857058,1.877145696467124,1
27.701954572038506,58.891341090753,18.19253638873185,0
37.02273343033714,37.038491337743665,13.384005258761569,0
26.338440103125553,37.511147532153025,16.58573598633511,1
23.38985493372185,71.13391723373829,17.579578005645345,1
31.136025249167005,55.818353693967765,11.435447040966444,1
38.723095483215616,42.0314836020202,10.348927035100825,1
33.920595933499456,59.49567280448621,8.608548206419805,0
31.4012234017873,33.85253622450804,6.338931755822386,1
21.943529875415372,64.91828411486392,8.691919217174235,1
32.3001445339834,46.13960426610586,15.477593114603128,1
39.801077002085265,77.85354603823129,12.03846862030263,0
22.801680304730482,48.621717535414426,17.850465799096924,0
30.366593047274733,57.31320894490807,8.867600287583755,1
37.54746143855911,30.697232394486036,12.14179157437508,0
34.81537235508409,34.34681326767353,12.626151061839774,0
33.94031481990536,53.549613384401084,11.83394324612651,0
34.049681679742186,58.796330083027414,14.052675461710326,1
27.189823024395103,66.00123288715822,4.748669367496126,1
25.871836885289866,47.499754722558194,10.247275550915813,0
36.18722310957027,71.69891316759255,2.0844960561669534,1
36.20226789358362,81.60734383135227,7.690226552896251,1
37.341446371602075,76.791059333601,9.753341372425288,0
38.26481105112943,32.37712952090143,13.04448519090945,0
30.226847977218757,58.830416835469734,19.01062105172407,1
30.030325893743992,36.29581070509049,12.013021330967117,0
35.9659035793355,44.522700951751645,14.871878323531195,1
32.999278615555305,89.19975559602878,10.125321189904055,1
34.03933754515407,38.5497325740908,12.682080627526627,0
35.91585338872202,59.933289207081366,1.4186443226754686,1
37.800106836351326,67.08934405908715,5.08783161683694,1
26.759903137030715,72.14789823264624,7.237061864102774,0
27.51165905279888,63.578921009214845,9.449867100130271,0
21.87963879681738,30.58625084515102,0.9129749100476747,0
31.56560281992348,49.58767849463951,2.8004819510663537,1
20.71884547593484,61.06269860308269,5.536286155826115,0
29.311960362649202,35.27198994869,19.430653818021014,0
30.85289269415153,51.037615872550845,6.626940142061015,0
25.730825042565687,31.992186527481994,9.64082116224165,0
31.816665211380215,34.71470982930124,3.9219542547678587,1
20.610004998780987,53.815396572095764,12.215601421515366,1
20.746963774984287,37.96294524258362,5.613664310319486,0
36.45201121319317,64.05245089569348,4.1398515687685356,1
27.20381282822526,71.36789814823595,10.33145256891958,0
22.541210253037697,78.03520194654497,0.11011598320841642,0
30.444865201096086,42.009014654688606,0.15328065298450655,1
35.39987106197222,40.04895493554419,4.3813761820371555,1
24.316420549936865,36.274070420064014,0.7344272500164228,0
32.45780951638,68.1858149726182,2.1605150826138275,0
21.70694929987536,72.38854358921407,6.777212986775032,1
21.033634423372153,31.895168689538522,16.051713591596258,0
30.62709263136296,86.17273477462139,11.440972867386016,1
30.81270243220213,33.118277019088346,10.253354519128328,0
32.74859802996413,62.47778011806423,5.869776464162433,0
34.52182667445323,72.54363116705498,18.635074388656328,1
39.517041589250695,82.25814742476513,7.940300824743833,1
30.326006966023904,72.84521592794567,1.7418553359154298,1
26.45912945882492,78.10368498418751,12.341330322356026,1
35.90372389537407,50.367011552568364,2.276767869532028,1
25.416645025241486,78.88950682479074,6.904462856033842,1
28.779428414112722,34.806890783080505,10.148238774356177,1
21.56912762684532,83.68899936363167,17.484450493703516,0
20.50701486830915,62.85554256922418,9.870931606802372,0
39.2529682935585,79.03786619774962,14.045175320633286,0
36.71960241024412,57.13909707109801,19.856336779981408,1
33.919484121873964,68.6146617117915,2.6297823979596324,1
28.179058888285397,61.58415965616679,5.49463051039039,1
23.465886401416917,73.89537130531991,7.891521511952928,0
23.12874085342172,34.897798921835374,8.436563570776627,1
25.004857963291904,33.62112503943383,8.220421505310915,1
30.984533294122407,44.82619404060878,18.1522200511311,0
34.29191845400125,39.5726808067913,14.280652889337128,1
33.203947534354626,82.3070139955321,12.158104281814076,0
25.598677938918858,43.15283924148266,6.187454357255642,0
39.097305613263885,88.55191534914788,16.475807684425895,1
34.75793833391537,50.213747506266415,19.101210229699777,1
31.087081050228015,40.927074941321955,16.42396565100453,1
32.234414924687044,77.38191042854875,0.03130210382945808,0
28.3920012485558,69.52246653005257,12.72802740366814,0
24.95461979002315,59.89174298718834,1.0227076288420145,0
27.119453573025233,63.321813056257874,5.152144406674437,1
35.15692220928738,73.15210669633584,1.1904940069554337,1
20.287869772595116,43.70728447987793,12.075909058987754,1
22.321452810138325,89.78003496340452,13.731798269852135,1
20.920052840435055,88.487589728807,2.2897527613181023,0
20.814576046379404,69.01954118081622,7.67677766089959,0
37.10921168022014,41.972547055748706,9.124730179110841,0
34.07315718760047,70.81369454587748,7.381060435218332,0
29.483476581746505,34.33190453875055,2.420500009703861,1
21.95668321302003,31.839150132348365,8.378955803749509,1
29.832317502336647,45.46097331067282,15.023560956168362,1
29.469435415611315,57.75737740435898,1.4201532906651093,0
23.464037398200304,82.09635032450282,1.603600281638069,0
28.67703298475946,73.63014418597848,7.095425836719684,1
27.97009468794747,74.56239127199886,18.834514232378503,1
32.317001961044326,55.52960006688452,13.371452934458281,0
32.701873017352874,50.75609955281777,13.573399133451296,1
20.90608019544089,52.262325779076164,7.238399816757299,0
27.492252292529425,89.25897382416346,11.873215824170769,0
32.51719831428473,32.406551484748945,0.20262368055486757,0
30.062725171601755,82.02188976734692,12.721920928190844,1
37.12979682376644,64.7205245143436,18.265738951524735,1
33.1738726323789,56.31692515137543,12.251469366896384,0
23.258688541628594,73.51545962490819,17.473971869326903,1
21.411374948008596,59.200136485482176,14.479461109321877,0
32.84838556412631,82.40539428489964,2.411168328073805,0
20.530226210832435,84.04211184067552,18.049066145716836,0
31.715511625469265,55.30325561240733,1.3288768871154977,0
38.80460482849915,46.60966783410309,10.679349450955275,1
31.50948355751758,65.54101971560173,2.8427424758691533,0
27.763398524130437,84.74180073700145,0.2341322146180813,0
32.86576436884707,42.63973134033999,8.44068520255278,1
29.165057809830333,67.37799501380897,5.900814153083125,0
30.9123357863187,67.89361320555123,9.72000987595206,0
38.8292961755305,73.98678134491686,11.543997734691017,1
27.722052756015486,37.894061107635586,0.8747814461789472,1
39.22381127647829,72.94949788092532,2.4600659024749127,1
38.107012839121275,84.54195123993847,11.172847929008507,0
23.915822695785927,40.78098653221452,6.863347063453165,1
21.38722601750331,44.25259949543266,14.58346975098896,1
22.01556002754853,88.28370564249838,13.045832971838793,0
20.364436513030995,40.85861716256939,16.912087259798135,0
21.88885921511857,81.26310560217475,13.849856533384505,0
33.66013546832714,59.53667138688209,8.598621547802964,0
21.42377296920458,44.833864464190626,13.459332447888649,0
26.379512605875227,82.24499407635068,5.50762348510837,1
36.897506219389086,56.71831530015993,6.126269975564254,1
20.465438714716516,60.88904123578141,15.779703198415866,1
36.28936965177871,51.55400216398594,8.928390328031643,0
25.637095495468,65.57705108609565,15.96760681036705,0
22.363296552433127,39.81143235510137,16.44844747336557,0
33.934743307283014,53.46489219910564,17.151246753225674,1
32.57885693559768,88.16473934011725,18.332704716824146,1
37.549440270541055,45.48800596206765,8.619704410265925,0
34.70142087607772,69.40419987247753,6.377336366422776,1
36.06961860769697,49.511403853481696,11.643974931882276,0
25.64069145142613,76.40838754119605,7.423448468752552,1
23.548790875594456,37.85241964310099,12.021483336004659,1
35.012295032817164,88.18926270471269,14.111717252876492,1
36.136694785345284,57.22737248301836,13.768100369842738,0
39.81010284001347,44.16302780078784,7.491057740402427,1
28.25235353822853,34.409804839800756,3.3372040339750564,1
27.440361715855666,40.18547430525244,8.61058676924415,0
35.528259214839935,61.186436913361064,2.8518828816381747,1
26.816070805060356,50.22019058587718,17.801940703676166,0
38.61514651207129,79.73300195295657,6.917549214757148,0
37.16825503686024,55.85325141970836,3.0891949444664757,0
28.579880547500366,44.92285635525779,0.5089551981150175,0
35.017421355829946,67.0286991962418,12.916447725729686,0
35.09085748169365,72.40663301312675,12.738046349094866,1
22.062477376718654,40.02251447405699,6.812083331625834,0
38.05105813359133,40.05715297729906,1.4342377769530201,0
30.105047448957144,32.20028561601258,8.192577897904641,0
36.52914932215484,74.18412090393844,6.224349901267871,0
26.400992020612236,69.8282716573083,13.542412794700187,1
37.91046456992401,58.477852544988835,12.115584989053808,0
27.784033574683264,80.65022693815183,7.2918745639508,1
20.216753029605968,78.34020917700319,4.357851085099802,0
38.10763952838528,65.12126186380513,19.760719323111836,1
21.82573353572267,82.09627683079552,9.080032423922297,0
26.3862727518083,42.350472602206096,13.76548471560474,0
39.0012393410161,36.71517716386367,2.8110593515672155,1
39.012142938751126,46.18497669101937,9.711793993187957,0
31.46875776246572,33.42521136535889,0.5507343973893097,1
32.63674424339598,61.87017168006192,10.109102358208998,0
28.968910439566393,86.19634153769769,19.280348142354047,1
25.86421543396129,32.36061244011058,7.6841342597160045,0
26.57329090739832,37.32659484060161,0.7799202514982317,0
33.45036912154077,57.13194169700611,0.6191158183868706,1
35.047490588753604,86.0325010516743,7.75973519893739,0
35.83158087451697,48.96936629860503,3.200498729263881,0
35.79236285589108,60.43408852130355,0.46704192656371823,0
21.824122060973806,32.494371543023526,15.124272279003536,0
29.88840609405163,38.90059205772533,9.170460177637814,0
21.151175200332887,89.19780737753081,5.7848954394530905,0
30.990577646474712,87.90712178616273,18.001663660329616,1
28.83061002746754,30.296398856064577,2.322779204010512,1
37.754083655166,87.10870712539435,19.118376579106386,1
27.018300251041573,68.34719626893002,6.279334347547056,0
22.341340328552118,82.07509767120132,17.768073446173624,1
22.859833641056717,57.28439133803155,12.05885752958923,0
35.23021263434944,60.93576171475502,16.53414719482975,0
32.36436126632522,59.33079481541521,19.680263264209287,0
22.022453522455805,70.01185545276627,5.7681087563749145,0
21.682136122299948,38.379075285378775,19.22270970815186,1
34.0193826291824,31.798415392360678,7.789637898048407,0
21.45526012728387,48.47579649547146,7.710238094738447,1
36.437201185807126,72.2808457641988,6.807742085090114,0
34.124844543129925,42.1112071273769,10.828152146951703,1
21.626975612837995,70.40594599949503,3.082900863569742,1
21.69675428170384,88.19472276643623,11.074229707160224,1
39.73279157002351,35.6340429473651,10.83409624820008,1
27.485415915122406,70.35612709350758,15.2380362520974,1
27.412842941337818,56.62501315827427,16.67299923875171,1
36.25599134515005,82.08853526265032,8.808827006248482,0
38.94497154767717,40.628987366843155,6.0466649870298745,1
39.720021276457416,71.55755713356987,5.186697946341889,0
35.067563705178834,80.28691737888661,3.8924767340974387,1
27.525191710618316,86.6768531684414,1.1529516439804977,0
21.670014333973377,70.99488169737876,6.848959576694266,1
35.542938318548735,59.83048584050564,5.404953842615665,1
31.1680849947161,67.07083441207283,19.328347717328146,0
28.484440184939526,82.1342990687231,11.154176525000878,1
38.12708770189472,64.23658479832977,6.945540780610151,1
22.223949646123028,31.82322358181021,11.60935201987392,1
29.852502085817182,85.85692173041866,2.78393402691391,0
20.227072895348382,71.37160506189366,8.880874984044059,1
29.373212839882527,70.59080314663478,12.524686428421276,0
21.126065513636746,42.94050914386303,9.777956635849028,1
22.376358325361437,69.53312821395943,8.035576013086486,1
22.350524935542097,53.63186433924951,19.876967777993965,0
32.984206042321276,69.07397862248953,17.60629524297854,1
34.92089758530847,36.39558181847944,12.468119163188803,1
31.667375301943192,69.47071827618217,11.387547223645655,0
39.24345096949084,89.96482354623998,12.413209596491681,1
27.49741159047408,32.892722331633365,4.0262421564486655,0
25.714241725637216,88.63045105327905,7.902754865286372,0
37.3719825637892,54.41447764337224,0.7891906578179864,0
24.47191677038905,82.24520702023554,9.510920749736533,1
39.264450788812226,76.94312904349641,10.860491679153263,0
20.243089493796326,64.02097565920008,4.554994722064192,0
39.397576534152776,74.30695255507959,19.280576943310276,1
20.863198239011524,82.71093367808086,18.18909221874484,0
37.82286227396142,54.24841929906198,14.442864709118117,1
30.554022181725998,49.62198969379432,10.667732575307252,1
39.85929592238601,70.05560313381508,17.3993831929537,1
21.475931294707976,78.47075651647552,2.6130468764692583,1
31.077085688026415,75.73710808659695,15.8101958854977,0
39.38605071238198,77.86881893151806,2.496416279336966,0
30.461956883402976,56.13499888877598,15.884213250988108,0
32.58797276270525,79.0700529705013,5.515351365027139,0
33.914973779692346,37.212543322236506,17.541811620363777,0
29.090821295355465,62.669345877650976,18.880841876507958,1
32.55116160168127,30.345519629887296,2.9759193881023127,0
31.686286238462003,49.47514979401622,9.25351210130787,0
38.02316020981978,51.98769209228387,19.619747563253704,0
20.908927606829156,53.770361496555324,9.668148719462932,1
25.619263791844606,71.72803240139173,17.270950450290904,1
39.008229681531176,53.31348607622074,11.774630442626396,0
37.80527567781833,56.921617357351835,7.506598158392038,1
29.11313505571426,44.252647852459646,5.715671110517404,0
32.40265195603074,52.39510749776041,4.064461821721745,0
25.54762365962265,43.63617763578909,15.235963827553945,1
23.762423194475225,34.39175542610662,7.7308101364605575,1
29.273968098799642,66.20691560288267,10.225509244015022,0
27.067044560521055,70.09276791330097,9.846509600023639,0
31.67312223701744,67.16942076057687,11.545580584662625,1
21.554692739299696,57.80964262803434,17.311542912491046,0
39.487896153323334,52.78714681075379,19.61478687166859,1
39.72421488959206,81.80001897430952,8.151684171476338,0
33.9632342803949,61.144907108173086,16.55037844212606,1
30.72192732688241,58.75091265778386,15.290555893094353,0
26.190552325726557,31.538523948386143,11.470579029111466,0
36.27590039413897,50.474869657569386,19.12094287223866,1
33.69462345107759,52.811737127151424,4.009490310568056,0
23.252338786897827,53.92936685381403,2.1852842061924282,0
38.21854368987685,64.81034215363994,17.079239339108444,1
36.45074485846338,62.016152803612705,8.782996332674966,0
38.99599826583848,66.47430556760668,16.93937708414121,0
34.5143901677672,75.8929956925277,17.861804103908298,0
32.2683039187158,78.7791443229656,1.2491518723814288,1
28.364860725812377,73.08738457358967,17.669295259721213,1
38.65456966708027,87.33142175729608,8.966381107388443,1
37.32127779000817,31.093954960581698,10.208649780084645,0
20.904373402123788,41.74667914101276,12.531850221864204,0
20.52733948994504,30.453772498688526,18.527652134601734,0
27.52926733756099,68.84848284927618,0.3823218885952806,0
36.21106661563665,83.88183293699922,9.536869366356342,1
39.74552258629889,44.608937794577955,13.754440848611214,0
23.008337822070565,85.6220726877784,14.454139153964569,0
31.8826143070427,33.61604341737365,13.85064863074216,0
27.61781713262043,86.06616160833086,2.688702588162437,1
39.398287956292066,51.09736123437806,5.987911767433625,0
36.84237846271417,36.08524970695299,7.17431050834027,0
36.76657409422276,59.15230555117954,16.0887441535901,0
29.373863195899403,45.40659406323048,5.5751974482910605,0
28.296390046753302,47.092374117715366,4.214099277344063,0
25.468141438614126,48.43739789557719,19.148960380761924,1
21.127509933018544,78.1815538699598,0.177265702269378,0
37.29444752510106,62.34967660051527,19.956417113639564,0
36.258020182601555,48.67846194936022,13.536425977147912,0
39.99435346572261,66.6200269986551,16.56938598898234,0
39.93273674147811,72.96904045339161,5.892387926923863,0
31.10863411205255,46.35744004401202,0.28630555334119956,0
35.379748303610214,54.81294609152109,14.757390371230601,0
38.895314597648564,37.313165600216855,16.682891940013516,0
36.99294781354823,40.86896097208082,14.809522639070384,0
24.94696203486395,70.86707123789897,2.857005746016772,0
29.01088270620187,40.88630086173762,15.06855844513938,1
22.5831883030299,61.50980302002361,15.378455642152819,1
39.08102054517445,72.54277570334597,13.170810313401098,1
32.1234926890176,36.41261538568463,15.322318655911724,1
24.572856110069253,64.03873317773422,16.918428793554643,0
33.43401368811713,45.393767022081825,12.272082284749168,1
32.36256480915792,87.77561251425479,1.7720942793935812,1
27.163254360656808,59.01273880319548,9.752556193344217,0
22.27115184399258,78.35955298650948,1.5529866934321013,1
33.43146391185599,63.01359252937571,8.150860620648617,1
30.406154018075867,32.60475197128915,8.142129782512553,0
35.44636783471279,67.98908253564134,1.3201968828048316,0
30.403270022239866,87.08420053239942,6.976410679389586,0
37.043630006370805,66.09670920877987,2.2199619758262967,1
31.03813677548971,79.15133156560742,16.164704200184442,1
31.218759430707728,83.05238780090447,18.953760519289414,0
37.533072053166904,43.68478631693595,1.4463295051587721,0
28.06965732424794,42.7226903944936,19.10230414583403,1
22.680304569012815,66.6588593310595,10.451531986734903,0
20.57565352626678,54.66170818840229,5.9913135590774775,1
35.10274511347238,80.39167817200322,1.5372415055232702,0
32.4061910270693,84.00138740388067,10.012485361408356,0
34.08159536198447,51.20528275816309,15.890310889814973,1
24.259283230178212,44.21223353846892,14.141729545333963,0
22.727429511735394,76.83153091463171,1.0045202292794753,0
20.29089331335764,46.48836213288817,1.4580367073580702,0
27.011751176131938,79.3568591108207,8.057465652652741,1
31.79835373709266,55.42429521892577,5.9058098809588655,0
27.844880901994646,70.05299395748823,4.647686461120957,0
28.749498440474582,35.73211883008009,5.620089978174272,0
38.08317388987497,67.43155948059439,16.069654865937693,0
26.965109340466007,57.10606072423374,18.58456107263708,0
30.279789783196215,65.19650779052844,8.102053890551328,0
35.67306025482286,40.0808524646918,18.122220042649943,1
27.930855646425403,74.21242469665093,6.42991402495764,1
32.44173400455747,81.7678246525937,9.528739726875832,0
37.2472741749349,43.00438800544654,4.520579956319994,1
38.990412473152844,35.7428733312097,12.809520843516879,1
22.941469618580758,31.418315162780182,19.57962230349618,0
38.53175250322989,68.51829002659596,12.069861920867574,1
29.842325861590766,66.42564216532685,7.156281682270977,1
25.164887765979167,62.8018447628442,12.956348919810567,1
29.182715124765224,43.916825766958524,2.4584135693077513,1
39.60065150570954,53.45435975433088,17.773181605307972,1
29.85236187985739,65.66858011117039,10.061679015596727,1
26.575032205750162,59.80601153155016,8.98699484079284,1
32.668017086334515,89.26713121289325,11.717295769070384,1
24.802912375563864,38.18638515340399,12.495677255788049,0
21.51726656217328,71.70867324285562,1.4355161245302606,0
22.577594438212984,54.259126086257524,13.652344424468048,1
22.56091677915545,55.69197689553688,4.838633606310592,1
23.038053870245886,73.05586593949057,14.279052650131796,0
22.776543452988204,71.54616907946217,16.450695887683935,1
32.81749489606429,89.4753596221313,16.079170151050405,1
23.637601687982897,37.703657367247516,11.050019348157782,0
26.913345666477262,36.246578963049984,10.403397846215023,0
37.935768198120236,73.46032902772447,2.8575192267882343,0
29.479232805257446,64.70321502038455,15.506923008062712,1
33.35115477042054,46.44963999358835,5.428187608934287,1
23.446397424032597,34.765162139339196,9.933908456358932,0
23.845780376173416,35.13949497578583,5.685481858550334,0
20.81737232532958,83.6514524798471,2.676567259993863,1
23.37870126144329,41.512039483124575,12.591153937834731,0
25.57180678063917,49.40229372693125,1.0866406964580766,1
23.540209685534936,43.59938413361928,14.972904682524,1
21.774050675141112,51.29977834991624,6.351735905222333,0
22.412717422012015,34.1654305647656,0.0026938600897064013,0
29.215575360654515,61.14358745449622,10.222582784744596,1
24.12667436811585,34.05675381553289,0.9370381705520625,0
27.28539722096151,78.0213904693417,5.52339115641799,0
30.068345417097138,44.02272491462598,14.139529749114324,0
33.80789657258731,62.400714876270634,1.2537924324373173,0
20.78624279682198,82.80474525368749,16.78676984712005,1
35.98820797818085,69.05264214283164,0.07639845317166216,1
32.558007789818156,61.977467193080116,4.936477384038045,1
21.635180638977438,49.460025186922536,14.818081123041429,1
37.47157248213554,49.98011478349187,6.325402994586136,0
38.417448010636264,70.1692173118914,2.0378477613202706,0
21.221559197097275,89.64836167327005,7.204678376008557,1
25.537552962944076,69.71035139096271,5.407865727690511,1
36.12402559586123,63.46700504220149,16.854238043211097,0
34.96519380767317,73.83903061435477,6.266958351702863,1
23.690420387127546,57.91233673702309,15.778649435520144,1
24.186986466734204,33.60854055604711,17.837442896214696,0
27.40944205582764,63.73780895267459,8.67634839153059,1
29.690459703820427,87.45751707032281,18.19886287708784,0
32.36509543060592,40.51817654145958,7.546361079263857,0
27.378272791395446,71.40029344923994,19.281568329802163,1
29.25069432266296,42.05602131954339,1.7857904905114586,0
34.94941876267513,62.14966106838487,13.740385330064855,1
20.733664057811957,35.800586978803175,9.876280809138574,0
25.048738886880415,57.02225617549111,7.752976109112941,1
34.26699171769105,75.36979973371476,12.654237574972019,1
37.904136753743984,50.85429145433892,14.077141832686625,1
30.233548842313322,69.89470346923308,0.08726539300618175,0
30.642269705306312,77.72699764738375,3.3390617749439744,0
22.14344022679552,85.63066916876716,14.260921012686374,1
28.948247336469095,44.078524911327214,13.327708271564129,0
30.652345329100463,53.958954948558485,19.320950102573544,1
24.849410072694592,39.14496079982504,15.22075580501566,1
25.38486461898762,89.5490101295025,19.01545415462676,0
27.545683262092453,85.62005807545772,14.05081003069614,1
20.401423955554527,62.39742781683358,5.9610441727888634,0
26.441583311663564,80.52199766258528,2.1072984450171295,1
24.22896013993089,61.25747863632253,15.636477266898712,0
26.54994704355829,67.41514128016559,12.882984429518318,1
22.395242636385024,35.34746592696099,0.9637202478659246,1
37.8105456147979,75.31622522980848,7.201009318019567,0
31.871849071080973,37.66280901811409,19.135996309685723,1
33.58204638288979,79.5640578151517,10.008022914204025,1
35.783424772146766,76.92168526022316,8.654582720394092,0
29.968843978581145,72.52468186457858,9.15399210318588,1
21.738405761748474,32.169622831485725,4.177654480103275,0
30.742130836370954,48.187701356719714,7.374143417295905,1
31.736822360417584,45.78675419465057,7.396265119743532,0
34.908789483686604,51.60818444829114,1.047100403749448,1
28.63319092459359,35.25856480583031,15.351352570358365,1
22.551606055911275,86.21746938186376,8.33008863807758,1
25.67551811597449,63.22813444274258,16.443597736328467,0
27.2616459279727,48.33145863948141,17.00696002239791,0
32.91834482663202,53.818891024457,4.239881093973161,0
31.41556609337824,56.83215243029014,13.14706964340257,0
27.121934517956923,66.03566000163704,9.445636083259634,1
39.730304975859596,60.94076566178987,17.6031347584297,1
32.11549638713774,85.16351839286504,4.314813583529082,0
24.74453583471989,59.817808974349816,13.556264006200884,0
22.035649452408073,89.52948088939877,12.155042445054452,0
23.057182783686642,81.08549746470575,5.906029551436656,1
24.919154567690164,42.51063086144015,2.7320180730234522,0
23.213627465191113,85.83571287863498,13.032795209545531,0
23.731340481026116,36.98198387312856,14.771949162646614,1
25.70190337387694,79.04698250947149,6.3125468752669995,1
23.467471905895096,52.837397608594806,12.896652080446277,0
37.935308492528506,82.67845922670418,7.902618152230065,1
21.604674913232845,82.08340140644702,14.264137665652354,0
30.490227791405093,78.35552400705727,3.984305497881062,1
28.20793653979323,77.40182617842368,17.804300052723487,0
39.647572338172125,48.280748345882444,5.748191929311595,0
22.240778043361047,34.85515698307513,7.355719755123058,0
27.95711198091483,54.178810725909685,1.1618390416069957,0
39.389408665507375,40.41147089919052,2.230244246425528,1
37.310142517879605,71.69706533414771,10.317238054246562,1
36.341441418985596,50.76598359226713,5.35185353455943,1
25.158056540898798,88.53661205159489,16.70960451484389,1
23.417751747801315,68.45832464071992,0.29386777309907686,0
33.372864398488616,79.34883381806165,7.581880973438723,0
38.587519782551716,37.95148036451091,6.7469109353818535,1
31.135257860278596,81.72086893635736,0.3865526183520207,1
31.432253789397997,85.36543143080365,2.4873679800102044,1
25.599581873205683,59.22371512913615,8.272853498372704,1
35.38985866383874,66.37517626505866,9.857291688948933,1
23.74087497115047,75.88858805417973,8.085794945097382,0
26.473584728084873,40.49031763562475,10.618753568241877,0
28.508728772328336,60.15396458780654,11.90263349811363,0
30.1522075736891,53.919781666338785,0.1984764225567126,1
24.848194648301604,38.782439529734944,9.281903189070078,1
22.29673649478407,52.05206533749188,19.269984817751766,1
32.21240084883265,34.09033856312961,10.380645602590974,1
25.772611064805115,31.54871441696922,13.550845349179063,0
31.624764428452245,38.109977349289366,6.237277158337664,0
23.087254305484045,87.78690669535044,15.47982756305525,1
29.62280203709635,62.97177215370102,15.458429637522302,0
30.651788651031715,87.94932966919319,10.425920953082779,0
21.03647073644854,55.94987269980792,19.52027646558427,1
26.732085563878414,48.70896798511558,2.5110042952530676,1
22.688293538779483,60.36851177041464,0.33895329779161987,1
21.267499409455354,56.37070131797461,15.403164235141919,1
39.7992046477989,36.33988105570464,16.14311074729765,1
26.44707689949446,68.44957888141238,2.404144582411525,1
36.1974889170927,42.96229095057598,5.3116566591721215,0
25.092813095275275,67.17527729386978,0.3510472673325782,0
33.63005444447859,69.01206554388921,5.866172215611294,1
35.20455719779373,39.12149118771889,15.46283747837343,0
31.912774812156886,33.680977626640086,10.359210554251579,1
29.431523771003167,76.84569516410639,6.961911863365762,1
28.23681828294537,57.588025426159206,7.434785898126606,1
26.977365330859904,33.48982773032855,0.027072514309363083,1
38.59058288495652,89.69197903018602,5.9960105513047175,0
36.61238815575459,33.466833659782,12.92917483275861,1
39.300538213330256,71.7021137315132,19.483888876327143,0
22.485944469710894,89.02073551580482,16.94121653967799,1
34.617349504072884,44.350806252955536,0.4718992929105825,1
38.76680913642076,38.53496212123177,17.97121209349679,1
23.6246613233132,37.283096365345735,15.66396826597252,0
21.32992534733555,48.196508854055736,15.607522471419609,1
34.82241298580118,36.0627486606388,9.15991518007143,1
31.489462263598238,71.52968050164792,7.960105859090056,1
36.83657553516544,33.73750788780376,6.058314576663852,0
22.79544753252579,60.56532768898738,1.3138971790873155,0
35.905346237197804,89.8018112311786,4.564707269873982,0
24.032546400954892,78.83821617036114,4.932072699560493,1
23.27311885731409,66.91316629386066,9.681541394204032,0
23.285315958619858,48.3752172471967,14.948888131933879,1
36.29149440462764,67.43375017749831,9.476196567958933,0
33.303944413924,61.6224878346991,1.1568889889432121,0
30.461308495382386,55.565003033422286,19.15579601976408,1
27.17660968247005,37.84262260441197,18.854486381882246,0
37.544010816262166,83.196252914428,15.703790862968168,1
27.84890214845271,56.98707892927935,19.82655803128441,1
36.33198878943154,41.6773507092459,10.889646656005258,0
28.78269817140437,52.06556105263738,19.255367005064123,1
27.538888588498153,54.84778515173562,1.5121008123350155,1
29.25359571339213,79.65227373401245,7.313614965227426,0
26.02755748328284,74.01686283368412,4.507625360135316,0
34.95218760352502,76.15829361848039,3.9166616826854006,1
30.054407801849585,30.661875865718834,2.8160589778535217,0
24.644253902936345,54.96923989078569,12.448272831319933,1
37.991491465491364,58.88064909811942,15.626437114946102,1
27.67782442746423,31.151536609383403,11.565967988407213,0
30.871057222279774,45.58879252470206,2.9392541917641934,0
38.12944221929094,75.6173893873281,16.222475398669417,0
32.48475991827984,38.22658234373994,12.71909414327457,0
22.337960814167282,62.1186078871555,7.76331412253991,1
38.796642472269504,42.91211232103425,13.48260591072126,1
32.55416106142836,30.727246478633596,5.1980995848566565,0
26.698112293141723,44.472087455972485,6.90384416988421,0
22.785441453267744,88.55242529460322,18.349716862639806,1
35.88050378540592,78.09222671297937,5.810090113428408,1
32.40145511857027,87.574598659262,9.399765363158732,1
30.66922183952643,59.27124263558174,17.802822747920292,1
37.87785166101915,36.584171920650206,14.154427005350549,0
35.77194422449061,62.87756933842158,1.244064523294055,1
23.033497594655024,57.26264007359765,2.946060885579407,1
26.234441355910967,80.66142496437695,0.15683181543833635,0
24.969782796289316,35.88495484705467,12.618435804583267,1
34.87892585145354,59.29446822130669,8.953468508208367,1
20.670648694715588,39.00291988163906,2.6854970180455107,0
31.39779369742633,49.480555613403595,19.15868242113541,0
35.24917371481381,74.24142464326798,10.593194478912398,0
37.53531273523499,58.56108776212599,4.837865882257784,1
26.841634974318147,52.553297108746165,10.01207142309415,1
36.42514609344026,53.66857671420212,13.592406654702156,0
22.212634739104146,57.5668061043592,1.5247843594712895,0
36.92904583469036,77.10099263022342,5.49407630095784,1
22.54977324663965,83.52508133641406,16.139309817679873,0
27.945745811207345,87.3200811902357,9.193297408053224,0
35.94590731559107,77.2142031753177,10.931542840645898,0
22.998348546975475,48.924413744880766,8.656320044189385,1
24.58502790465283,71.28808236519254,0.8779988528601024,1
34.445051367861325,56.25618744332351,3.3149955964031186,1
34.40073073092149,45.28023732276307,8.910832774837818,1
32.82295265770595,80.45229476555537,4.183709308158557,1
33.878968889342005,32.3055809377395,0.9995805731935747,1
30.854488866951925,84.1057195281254,16.872993281036475,0
25.035981178139053,57.68864787748405,19.623850583282316,1
26.913919870078388,68.23208860849682,15.862857479934789,1
23.631954336028514,69.56123533234697,17.07569843409334,0
38.169011226672566,83.70706444239218,4.839542606340908,1
31.66783589532241,68.20018093003245,19.212539510263994,1
28.017028335272798,66.8360150856037,3.9385140890685677,0
29.240116072882653,33.999122433641396,19.028596207236646,0
38.94566679223631,61.104481316712246,19.89638587931902,0
23.067028062321604,39.010140049022496,14.234456114920974,1
31.724596640335946,74.24602612328914,19.62287463583644,0
30.11777357768932,60.73331524876047,11.390795591342073,1
32.22908470869296,70.8136667525012,5.190835663521806,1
20.36220367641681,32.50037403614306,8.739917713312417,1
37.44247817888303,35.087520962748194,11.87121870757572,1
38.64236564967224,72.97940328376094,1.4616312405402998,0
31.30266367178418,34.325060159920405,12.446865292344922,0
33.93301647753785,34.27540366591552,19.62355673524589,1
38.449987623545915,30.726508514093247,3.8021529956745526,0
34.14477268626797,87.39008389796881,15.851902325767666,1
23.050780858285226,74.25050156754043,18.15797587559239,1
31.525767203336265,51.19508451012385,18.874031856404414,1
32.13430092765712,47.792134877259315,19.202712088108946,0
28.48261342604772,50.982193784750976,10.429192774429438,1
34.728884712494455,76.47921187087091,19.546158159830075,1
38.687340295380295,69.68223666422486,15.146204142688777,0
38.51137025813553,41.11173407204808,3.233428724739238,0
29.016787428082644,40.44656012004506,9.5380021293594,0
22.264760916815106,35.90373898280384,14.36662350744008,0
39.69682397924669,69.61816318208028,4.946806316381666,1
36.77796172891868,75.86235973330416,12.812303670977748,0
22.493253624065336,45.90278569950024,13.332009580932384,1
38.416837652347446,31.25669766185477,3.2539948761713178,0
37.39792724124257,34.93030004858564,11.301706249055126,0
30.376761142521442,88.07160209070183,15.432538219572153,0
31.825508714898586,47.72668664864521,9.977913290718838,0
27.980054077402606,76.15338887028801,0.2420623355221485,0
21.095232776440625,67.47981413125584,0.18076938158584355,0
26.70394483291802,52.91637837917375,7.140586879400244,1
36.05706897196023,42.341235731733306,18.52388136863564,0
20.092640460092056,37.283185089564384,4.573535592072176,0
26.669983433822885,66.900778082332,12.687273777433743,0
27.963373871818867,76.47802683826728,4.4415174138664115,0
30.74791205875846,68.63425521246785,6.433399793190972,1
38.39711232825521,61.8181279949495,16.96084179202968,0
26.926919887319226,32.517073405898174,14.577228845398938,0
26.939064037924553,88.10932665566303,1.9079855462642126,0
34.75002496219497,77.92285149927447,8.574040419728671,0
29.044358817796144,47.56932220205788,0.5833952729052894,1
24.49209645879964,88.79821976153104,9.61780293206018,0
29.04879032265387,66.11289537817933,13.24868023402136,1
22.817140407595996,64.94535949243479,2.370052471963031,0
23.527739730124466,74.88439076577193,5.777698778183313,1
29.967355454789594,78.70618728540825,7.956732510043139,1
28.378508990090957,69.38871643989016,18.390620493120995,0
38.296918021362,37.685744781972005,19.86510030845928,0
27.24787798233266,50.296050359669906,0.8982259799123171,1
31.61176700556087,85.685018419563,15.22015846990784,1
32.64528575839061,43.476936710631115,7.434481328046864,0
20.261889131766672,52.330021430250795,7.849163724589601,1
33.27074744033421,55.92461297665176,15.085299466940453,1
23.560719337395028,56.36429938166713,18.368528642908174,1
39.2214063493891,66.77637494967152,19.018571890050968,0
22.973254555062258,86.58455026468246,11.542451720766415,1
28.292482474540474,44.4415627099503,7.142423186010056,1
21.706993361572877,37.290082578055085,15.750981717175584,1
39.93748503691894,41.848229391596234,5.020027665246005,0
30.04390020662485,83.21549401255618,11.281480576670354,0
31.907700346400876,68.74864875931236,7.171569230497463,1
21.34152954776855,47.15440735434961,13.132621474157522,0
34.99920940798356,78.95681633811704,4.807978257870138,1
24.198111861911716,81.68219978180616,3.8318589146965154,0
37.96108578881427,80.79086032141669,18.364781733508742,0
24.102792809640142,85.13559201837327,2.036073658990738,1
23.81375441327333,45.134461210401696,10.119158154698633,0
20.730993356961896,75.3025157247767,4.417055659260178,0
29.441338902199984,57.632369836448404,0.778599266513349,0
31.29682266525233,80.5199131734037,0.7203763658285278,1
21.31417278856705,73.70944062969679,3.504435442116547,0
35.51055233390021,76.58684678998347,17.335407090120004,0
29.065776694960554,69.36971026086428,5.649574879540533,1
30.4878053865516,40.645726168182414,19.009183411505916,0
28.81525493876456,62.7016151338163,11.632445859783871,0
28.01526121750652,89.0801843714705,8.732283795375322,0
31.19280662616436,86.24328398982713,11.601776693389091,0
23.10480491861425,32.5904241478207,10.333967704525355,0
23.63856260990542,39.888888943766226,15.175525075146503,1
37.235712420270346,37.903726407273716,5.649921319457045,1
38.922309242672654,73.55879459911773,7.061007832006048,0
27.46618632559506,79.0671197914167,17.881886050665013,0
25.414893462871078,42.81068197864032,18.92913026300811,0
32.87999086478031,60.351161577109735,17.85116454972949,1
28.17468342196193,80.44218168067201,8.388959879146272,1
20.507727113206897,73.96809268597504,15.607310060137634,0
23.12305194732381,62.5342323295109,9.526714666021975,0
34.31944457694795,65.42086142752638,9.950797042922044,1
33.17847883820303,60.5016328149768,4.093602181145679,0
20.541919850069668,47.85290707912924,11.82260606517033,1
24.43944323865899,63.90131957154097,3.7227179550669587,1
24.62149593176143,71.33311812300545,6.631293981343875,0
33.437854871974565,82.39937495164847,17.100604032398703,1
20.394210755087283,68.1774812387549,4.141516184217105,0
22.082171639691477,75.66729222258948,1.4231657034686562,0
35.99832170746379,39.60429809727438,1.380151852256326,0
23.570893241086672,57.693448465187394,18.815690410062157,0
33.054922157037495,30.559897189625598,10.138408759236693,0
24.76365562093453,44.80073187129738,8.188241436340366,0
21.988827855186905,73.5877029067803,16.217571620158367,1
24.86344381998908,89.5085970809618,16.71651855821032,1
34.44533863711318,35.95068597523296,6.643820662312092,1
37.11392936212572,54.08965895167729,13.872361149475905,1
36.604397291339836,78.00425812194956,15.422456317037732,0
27.943670592369095,42.24213807773393,13.09301373731909,1
33.36170273141292,63.30509695813718,3.0319014960019874,1
24.09968590831642,73.98427776178049,17.51766167034114,1
25.862954605220267,66.95912701561073,10.781891054720173,0
37.9267163704224,41.28148407692497,5.649448527400073,1
20.26003847021472,51.323074121144366,8.504563708753878,0
21.71017061708936,77.02750706912383,0.7514218079781476,1
24.157725102920544,63.253590847921,2.557336024448351,0
20.530644077476396,30.313776812574766,15.310935010317216,0
23.628708701795947,75.65944560168563,0.00023269510732282228,1
31.66083121939384,32.118681296414344,8.331316569645843,0
28.428491011849957,74.74402696387392,10.450203621711768,0
37.8534342215395,42.14883360991425,1.092688400019446,1
36.34887123476882,87.48440880716282,19.461563259446656,1
26.83634703395752,52.07644507812507,4.522506624993438,1
25.188468668625852,49.615896980284745,6.083974392725617,0
27.59384816334534,38.93328301994668,6.078850245100547,0
31.805898850296153,48.33625292941289,4.608333242346998,0
25.361272816457525,82.59904570969204,0.02947644172622832,1
32.48297815698268,89.78006025763483,14.586895881759927,0
28.18823304382481,52.098571830410904,19.336909995985707,0
31.040943617039606,56.916637857272555,4.485869665700902,0
28.722530582706334,73.32425629216422,13.26094383606845,0
25.889315190838353,83.17174682790447,14.837926539174301,0
38.96906613924313,65.58266005120706,16.968507581810496,0
35.27211588319521,53.491541890669765,8.452583940272183,0
22.802263515329052,54.75731045091742,6.058618112808585,1
37.36935951795826,71.73708878980841,6.505902680460622,1
29.748623964990273,30.193095816256722,14.252426661970256,1
37.891044537881825,67.17536024759045,16.33558933011272,0
35.99710511894631,51.329580626481444,3.632279355132053,0
28.50427008938467,77.65183987662505,7.418820163155305,1
20.44938616640235,35.57943838938793,18.038803934983,0
25.37354718769892,65.29213601690343,16.133870393894785,1
30.83268429321734,58.858373393167426,19.697168055249517,0
32.669564396522944,68.53953155431364,15.084965193641615,0
25.157753708664046,33.8912156689781,7.863904020558445,1
22.78712148145648,64.79902724568788,11.812756679892756,1
36.69860473598598,63.689075277571426,13.220285084946406,1
39.68804361407104,63.639605664970254,1.569116326342479,1
30.513803646053717,66.20925999578729,10.889939182077303,1
23.43358571696607,70.58807623358173,14.186416569452192,0
25.44614653038738,78.29933998084618,3.3464260800212076,0
20.367813530949334,46.18924320769286,15.612634348511143,0
38.28597613120998,79.50296461080373,11.675455610282233,1
22.355021657802823,59.89534093580722,19.04443571395189,1
31.53032951028507,34.62349674805987,0.8484459641378339,1
25.48110441374412,33.51305575463875,5.306522751109339,1
31.083560050315867,50.05429912176365,12.031077585996481,1
33.02840776703729,77.09381862668806,5.9311982441186135,1
36.594836074144034,72.46085608445495,14.288483281424844,0
24.128425435212066,77.31689788034438,15.18010565043862,0
20.21991657316961,61.03614338649656,2.050319281329489,0
22.737712601376145,56.41193987732943,10.277089284135354,0
38.0003728369621,38.84715160237704,10.177811111821118,0
37.47780155125031,49.69156521655869,7.385615404310821,1
31.948262043406167,56.04116197043251,18.65849725139344,1
32.010337208673064,35.31602578077703,16.550126397464425,1
33.30073349092511,43.236717162672676,13.944187638192735,1
23.507425572468993,65.89351764382434,14.286532714699952,1
38.2882389184992,74.1397868543514,9.234322876262382,1
28.375410497841465,89.90085068357698,18.419890421931516,0
27.66277056498995,85.98679988061346,13.891908545065707,1
30.37835410565675,68.5539119721115,14.57962123311633,1
20.9393193355011,55.27488319764432,17.233818075746903,1
23.32566737512159,68.17064188249395,5.48143178684382,1
34.760672328527406,77.13909708481393,16.14141807733406,0
21.65597335850253,37.10017145540324,3.9048120591298408,0
32.06304218932776,54.59429338177729,6.906839044897756,1
24.90698219362642,80.38813713813704,6.712209085396854,0
27.785912280839533,53.02997711598264,19.57050936778281,0
25.773874735413997,64.31233627363119,17.130744474958536,1
27.113454329298982,65.26616165173189,14.023397231805195,1
34.380918103684905,41.06857518801836,14.541135232307802,1
25.9424343124635,51.734126499137304,11.241455888051421,1
31.328092805937942,50.07067732451593,18.94181334217038,1
29.521008043981993,31.571802511923888,9.92517505764723,0
33.27342330725296,31.451505833481313,7.610354197397891,1
38.73659478649516,79.9018226205464,3.26070673863182,1
34.651441944205004,46.38424859836874,15.72411304522116,1
24.298807571815136,61.084725974328926,14.68887864151183,0
20.623662701225694,47.92353441532639,7.687100770482697,1
25.2452808859965,86.44075470692043,0.5038682791845872,1
31.901558614005097,45.55780553194643,16.779946554360215,1
21.028516269685007,55.779408764336104,0.22835966908147265,0
29.927324944024726,82.36381502907611,14.073995592581019,1
31.936856978337786,80.51601400750852,19.40514219452114,1
26.684877816339217,41.16608507077664,8.75322656296407,1
35.41824407491644,78.15859858774263,4.699468099919056,0
22.131965062675437,57.49121320427356,14.097420200867635,1
21.502755634716173,58.97813232512131,16.342562840311704,1
34.563775124072066,38.00879834495663,10.928606321556947,1
29.90982632412397,34.836090825427476,19.340705505122923,0
33.76804792855472,73.6763584184259,1.033374433159222,1
28.696546772074925,59.787669141317984,10.095911966090563,1
24.928040664782138,56.21104215691077,14.369078946451001,1
36.38204635348399,73.7704937191438,17.252809422983578,0
35.98831757937958,75.93077393946658,3.585112238155801,0
33.893929417088536,39.53449006016122,16.00006963527363,1
25.44290274459925,66.61350896865848,11.054141514370905,0
31.804613337381742,38.12124493666113,7.931073639799264,0
27.219477938800537,75.08250516174274,2.6343005715818713,0
21.831641466532684,69.41730937602837,17.30591517817825,1
38.34627150924486,87.39687726500748,3.145464163594307,1
22.736372618379228,34.13748098138527,6.195757184181985,0
39.00474707641605,33.423283269075256,5.8009106392487375,0
28.920115459159113,46.93122448159201,17.428280683817086,0
